{
  "version": "0.0.0",
  "name": "<%= dasherizedBaseName %>",
  "appPath": "<%= MAIN_SRC_DIR %>",
  "testPath": "<%= TEST_SRC_DIR %>spec",
  "dependencies": {
    "angular": "1.5.8",
    "angular-aria": "1.5.8",
    "angular-bootstrap": "1.3.3",
    "angular-cache-buster": "0.4.3",
    "angular-cookies": "1.5.8",
    <%_ if (enableTranslation) { _%>
    "angular-dynamic-locale": "0.1.32",
    "angular-i18n": "1.5.8",
    <%_ } _%>
    "ngstorage": "0.3.10",
    "angular-loading-bar": "0.9.0",
    "angular-resource": "1.5.8",
    "angular-sanitize": "1.5.8",
    <%_ if (enableTranslation) { _%>
    "angular-translate": "2.11.1",
    "angular-translate-interpolation-messageformat": "2.11.1",
    "angular-translate-loader-partial": "2.11.1",
    "angular-translate-storage-cookie": "2.11.1",
    <%_ } _%>
    "angular-ui-router": "0.3.1",
    <%_ if (useSass) { _%>
    "bootstrap-sass": "3.3.7",
    <%_ } else { _%>
    "bootstrap": "3.3.6",
    <%_ } _%>
    "bootstrap-ui-datetime-picker": "2.4.3",
    "jquery": "3.1.0",
    "json3": "3.3.2",
    "messageformat": "0.3.1",
    "modernizr": "3.3.1",
    "ng-file-upload": "12.0.4",
    "ngInfiniteScroll": "1.3.0",
    <%_ if (websocket == 'spring-websocket') { _%>
    "sockjs-client": "1.1.1",
    "stomp-websocket": "2.3.4",
    <%_ } _%>
    "swagger-ui": "2.1.5"
  },
  "devDependencies": {
    "angular-mocks": "1.5.8"
  },
  "overrides": {
    "angular": {
      "dependencies": {
        "jquery": "3.1.0"
      }
    },
    "angular-cache-buster": {
      "dependencies": {
        "angular": "1.5.8"
      }
    },
    <%_ if (enableTranslation) { _%>
    "angular-dynamic-locale": {
      "dependencies": {
        "angular": "1.5.8"
      }
    },
    <%_ } if (useSass) { _%>
    "bootstrap-sass": {
      "main": [
        "assets/stylesheets/_bootstrap.scss"
      ]
    }
    <%_ } else { _%>
    "bootstrap": {
      "main": [
        "dist/css/bootstrap.css"
      ]
    }
    <%_ } _%>
  },
  "resolutions": {
    "angular": "1.5.8",
    "angular-bootstrap": "2.0.0",
    "jquery": "3.1.0"
  }
}
